id;ime;prezime;adresa;telefon
1;Bike;International override EXE;connecting Salad mobile;Money driver
2;cyan Rue;Buckinghamshire;Washington;South transform
3;alliance;Electronics sky;synergize;CSS Principal Cayman
4;Beauty Buckinghamshire users;Health Chilean BCEAO;Engineer;paradigm magnetic
5;Path mobile Buckinghamshire;Practical panel;International Center;Fresh Cambridgeshire payment
6;CSS payment reboot;Unbranded Home up;Indiana Cambridgeshire EXE;program open-source salmon
7;capacitor Pants Rubber;Fresh teal;facilitate connecting architectures;Coordinator US
8;Designer;Ohio;connect architect;sticky Fall Keyboard
9;flexibility;Orchestrator Total;Optimized Guyana;deposit
10;Product index;collaboration Bedfordshire;of Cross-platform;algorithm Avon brand
